{
	"meta": 
		{
			"track": "Summit Point, WV",
			"date": "today",
			"region": "Washington D.C.",
			"classes": [],
			"ambientBefore": "dBa",
			"groupNumber": "int",
			"reader": "personA",
			"recorder":"personB",
			"siteCertificationDate": "date",
			"meter": {
				"factoryCalibrationDate": "date",
				"fieldCalibrationTime": "timeStamp",
				"batteryLevel": "%",
				"microphoneLocation": "Main Straight, Drivers Left, Between Start and Turn 1"
			},
			"session": {
				"start": "timestamp",
				"end": "timestamp"
			},
			"condition": {
				"temperature": "degrees F",
				"humidity": "%",
				"barometer": "# in.hg",
				"weather": "string",
				"windSpeed": "int",
				"windDirection": "string"
			}
		},
	"readings":
		[
			{
				"carNumber": 1,
				"class": "string",
				"reading": "string"
			}
		]
}
